#k_1,k_2,k_12,SigmaSquared_k1,SigmaSquared_k2,SigmaSquared_k12,Semillas,Error_MC,Datos
0.001159503005756596,0.0004590165101651682,0.0036088321522059438,2.6690400504529257e-10,1.1187084391639758e-09,8.946180566807008e-10,417680,0.5,506
0.0009207192593066697,0.0005085632497648919,0.003754599258506167,1.9720082133802496e-10,8.588696352216909e-10,6.830965960683986e-10,885192,Nada,Nada
0.0012148112089893283,0.0003609605323224521,0.0034030069144677655,2.6266677657029356e-10,1.0861051122371127e-09,8.749753059665448e-10,993560,Nada,Nada
0.0010868162849060597,0.0004902471690536501,0.0036994451345503687,2.4014506603207044e-10,1.0120067480469349e-09,8.18366325215724e-10,630712,Nada,Nada
0.0012235694221082762,0.0004545536145552964,0.0035204525144260897,2.857842142429352e-10,1.1789832824562917e-09,9.557067534669712e-10,725670,Nada,Nada
0.001270148312997362,0.0003699205789680763,0.0034612979581423557,3.064725743984263e-10,1.2489410631487823e-09,1.019585043448314e-09,749789,Nada,Nada
0.0009327781571102737,0.0005909322243454801,0.003953610745646831,2.2106301085435536e-10,9.63374050457157e-10,7.660572422802491e-10,352926,Nada,Nada
0.0012175640570058848,0.0003982651018748505,0.0034611460023582156,2.875277693734087e-10,1.1881216671009814e-09,9.59624798747847e-10,941084,Nada,Nada
0.0011329498888277452,0.00036871022805223244,0.0033725976431138384,2.2714612118769032e-10,9.470562510802998e-10,7.672709360914433e-10,33206,Nada,Nada
0.0011413238454584128,0.0004983153980899884,0.003659387569737759,2.695220099554456e-10,1.1270484092790458e-09,9.142142005179046e-10,543609,Nada,Nada
0.0011664890577521468,0.00045146831960160485,0.003572587630704916,2.614133109495444e-10,1.09148347961923e-09,8.768050059214474e-10,509171,Nada,Nada
0.001010609603865063,0.0004764458636730327,0.003646514690409966,2.028509481000962e-10,8.656608889773209e-10,6.975968997049166e-10,663828,Nada,Nada
0.001181689155771816,0.00038419149014153525,0.0033815216025334374,2.626017139235213e-10,1.0931919782239493e-09,8.794319849909636e-10,925442,Nada,Nada
0.0010076684719491117,0.0005348954505111028,0.0037465154391283116,2.2786085524144214e-10,9.741855854349917e-10,7.853812503130997e-10,848698,Nada,Nada
0.0012933929660994678,0.00038694727735452716,0.0033383862524608123,3.147167499196825e-10,1.2857314030976114e-09,1.038986278057607e-09,230247,Nada,Nada
0.0012270448515921406,0.00032527171036217666,0.003269713471936628,2.661737358612873e-10,1.0934120207607321e-09,8.891899422459917e-10,537001,Nada,Nada
0.0011560962966483223,0.0004420334779135206,0.0035972143001499314,2.529976894076258e-10,1.0575694588756078e-09,8.51226655183971e-10,409047,Nada,Nada
0.0009802611101227755,0.0005520620441817533,0.0038207405153746813,2.1429998608763914e-10,9.278155704931086e-10,7.365833652295113e-10,68276,Nada,Nada
0.0011208421215885929,0.0003954255581290033,0.0034424708785173674,2.1522661610506329e-10,9.040689830117152e-10,7.268875262496852e-10,174645,Nada,Nada
0.0010885222933105366,0.0004898569392599431,0.0036737326820196533,2.238591519457169e-10,9.447363810219264e-10,7.620410087503502e-10,637107,Nada,Nada
0.0010905809277488136,0.0004501116931958489,0.003530413037848565,2.3039495511723177e-10,9.755256476954532e-10,7.823058158487894e-10,761877,Nada,Nada
0.0012881795781135381,0.00039174117251542336,0.003343062802296675,3.3853466605683394e-10,1.375437838935069e-09,1.1270244335580175e-09,687490,Nada,Nada
0.0011301454868810927,0.00047526107094484916,0.003663823077229,2.475806292337013e-10,1.0389547829936703e-09,8.366795851800603e-10,511963,Nada,Nada
0.0011070906875476144,0.00047651035833407495,0.0036964664517337917,2.365988453545686e-10,9.966276986183685e-10,8.025577758401068e-10,653787,Nada,Nada
0.0011430838397578644,0.0004891955423518186,0.0036007827182860663,2.616102081214482e-10,1.0836203321295259e-09,8.940053218243454e-10,82661,Nada,Nada
0.0013254885077138524,0.00036639682974088294,0.0033248147694584203,3.3974940124561345e-10,1.3669820057770263e-09,1.1304881193574856e-09,608685,Nada,Nada
0.0012460136629989917,0.0004162538132752868,0.0034376520208728193,3.0482983413065004e-10,1.2483111165374462e-09,1.0186389822182415e-09,864521,Nada,Nada
0.0011430145774877453,0.0004765566328848926,0.0035380604266404695,2.50447615489128e-10,1.0476193758811748e-09,8.471375967252831e-10,663439,Nada,Nada
0.0010263471393623777,0.00046437358839093913,0.0036551556381027223,2.0339268602051948e-10,8.700925097916657e-10,6.943741641609684e-10,599204,Nada,Nada
0.0010909515951175973,0.00048668065040107926,0.0036210892011875415,2.4192418680740304e-10,1.0203052805240214e-09,8.249207050103048e-10,723231,Nada,Nada
0.0012321138629859812,0.00046029774776309615,0.00357860713830306,3.059837816379852e-10,1.269672645169364e-09,1.0167568551203927e-09,495982,Nada,Nada
0.0010201572271882346,0.0004914520554866849,0.0037216391938343827,2.2250069632250758e-10,9.461540439918368e-10,7.662773849042393e-10,131145,Nada,Nada
0.0012443959296988068,0.000435907287058798,0.0034794514884742447,2.8754635843161874e-10,1.1795473345062596e-09,9.59815949305494e-10,551902,Nada,Nada
0.0013619585251145986,0.0003352639887493502,0.0032827642895016797,3.5918790676912695e-10,1.4334943344736833e-09,1.1849848494983518e-09,203573,Nada,Nada
0.0013231729405415278,0.0004118539954620992,0.0033807452808701506,3.616940015673571e-10,1.469272358234471e-09,1.1932588865882006e-09,979218,Nada,Nada
0.0012332025933474453,0.0004434266295054608,0.0035819871486943962,2.9462555686364696e-10,1.2011319110487432e-09,9.925555346887733e-10,608554,Nada,Nada
0.000979729296881532,0.00043674524430340074,0.00362194165158713,1.9992064528955175e-10,8.54996551419163e-10,6.910083030970264e-10,142460,Nada,Nada
0.0009702896923335525,0.0005335445119550109,0.0037034200014384806,2.006788393345763e-10,8.670752982009933e-10,6.921675784856218e-10,416938,Nada,Nada
0.0011298837979906852,0.0005182863648508156,0.003797650866309452,2.863831226902017e-10,1.1960509381933493e-09,9.730563144251163e-10,481437,Nada,Nada
0.0008894410216857897,0.000542777861610847,0.003797424298750509,1.9409133533711958e-10,8.504848451019543e-10,6.748201582678764e-10,618213,Nada,Nada
0.0010039702435144689,0.0004560902632082259,0.0035755983561074956,2.0538500418862436e-10,8.741183849904498e-10,7.082150507996626e-10,856203,Nada,Nada
0.0012236895862499334,0.0004089703627565429,0.003499485473018397,2.6478354224903723e-10,1.091960183977535e-09,8.853430932256188e-10,946116,Nada,Nada
0.0009553710994841173,0.0005743060548714257,0.0038830278704067153,2.3175783314541912e-10,1.0092295313756715e-09,7.984987215121953e-10,980014,Nada,Nada
0.0011610735969645042,0.0004123445626086373,0.0035443624955227328,2.2210071958420716e-10,9.260596715503977e-10,7.453806235832084e-10,425791,Nada,Nada
0.0010861038492147766,0.00040282729057763283,0.003541095805944973,2.1851098795232245e-10,9.179278282777024e-10,7.432681622090826e-10,650841,Nada,Nada
0.0011787166279335658,0.0004431917405403135,0.0035521440999546606,2.851932656062734e-10,1.1818864603732352e-09,9.632288357147896e-10,587579,Nada,Nada
0.0011924629921394746,0.00042721080181262825,0.0035062878540326847,2.390183107108096e-10,9.965662093152999e-10,7.983749562146973e-10,634689,Nada,Nada
0.0011186122678232874,0.0004900134163153178,0.0036566629407111056,2.4088203496852507e-10,1.012890552102439e-09,8.160438288990856e-10,484662,Nada,Nada
0.0012322619612603533,0.00040311076110777184,0.003444842931068272,2.7293538340779525e-10,1.1237751535220907e-09,9.098105796394969e-10,335865,Nada,Nada
0.0013036309629746207,0.00043707495131090133,0.003539088331822805,3.5516979237259395e-10,1.4525609050382693e-09,1.171312293577425e-09,187446,Nada,Nada
0.0011917113640682931,0.00048784862268181885,0.0035893613350222865,3.026072276856264e-10,1.254719766291624e-09,1.0188379055436817e-09,707035,Nada,Nada
0.0013742599715306906,0.00037803150971094215,0.0032486914006467867,3.965416389430943e-10,1.6038873542608048e-09,1.2906452858372278e-09,794609,Nada,Nada
0.0012440531193831509,0.000423038436325983,0.003404473248244513,2.7844557920792836e-10,1.1444949958866132e-09,9.286401570601868e-10,909325,Nada,Nada
0.0010289262273820558,0.0004271825848493705,0.0036340193327962325,1.9207230642439806e-10,8.164491143005508e-10,6.566244535468228e-10,875164,Nada,Nada
0.0011601919432038183,0.0003955401076697461,0.0034241236529391956,2.408749395444462e-10,1.0075246743499025e-09,8.058307210632835e-10,681521,Nada,Nada
0.0010554462829943,0.0004571517598156869,0.0036147458090108595,2.0974764907489392e-10,8.847777861505062e-10,7.191941960999788e-10,279486,Nada,Nada
0.001139872819505457,0.0004833945250720213,0.003636754967482194,2.7504726719863145e-10,1.1627439413010352e-09,9.248109779034721e-10,857597,Nada,Nada
0.0014213246241426378,0.00036071999411415944,0.003226673438810436,4.1597640394336626e-10,1.6488804662941568e-09,1.3652232530483433e-09,521966,Nada,Nada
0.0011369101613480034,0.0005506612323628663,0.003791987174276541,3.1283600270071636e-10,1.3030281308265595e-09,1.0657255417229132e-09,952542,Nada,Nada
0.0009706205611946905,0.0005527854240109368,0.0038047357992263783,2.0958597731473532e-10,9.038036965916126e-10,7.244444183632529e-10,657066,Nada,Nada
0.0009910422835909347,0.00046412097609545473,0.003557647030674567,2.122900241699589e-10,9.162712072589569e-10,7.264872869058382e-10,868173,Nada,Nada
0.0013554226730102174,0.0003646440053062509,0.003335210372243869,3.6540403328077317e-10,1.4666230616336212e-09,1.2040016205203174e-09,253460,Nada,Nada
0.0010371442474760764,0.0004745428450837132,0.003667932988785045,2.1323602254042653e-10,9.035749213266356e-10,7.316959346475456e-10,769272,Nada,Nada
0.0011933956361906866,0.0004935651585569846,0.0036083524809559526,3.1704847845861935e-10,1.3158419872276937e-09,1.0666781731686907e-09,476743,Nada,Nada
0.0010897367652654784,0.0005696121420654476,0.0038021101511095654,2.7934476285297e-10,1.174667407845264e-09,9.575612219711555e-10,582036,Nada,Nada
0.0011434488334118808,0.0004671810512846493,0.0035670608619148858,2.41547877575813e-10,1.015941723022267e-09,8.129519113820195e-10,125879,Nada,Nada
0.0012144026311236992,0.0004472236546856256,0.0034915021001484183,2.898349162700447e-10,1.1932176041583523e-09,9.755750371077403e-10,564608,Nada,Nada
0.0012326368249995798,0.00047238579231880467,0.0035119746081994523,2.942115171182242e-10,1.2291476347062938e-09,9.713058070439418e-10,630853,Nada,Nada
0.0011901421187852186,0.00042102590014423443,0.003469423690158664,2.7353381605795606e-10,1.1308819552730451e-09,9.212495102084276e-10,55004,Nada,Nada
0.00112715265269194,0.000471435510301765,0.003607247003411231,2.3018233597353878e-10,9.6929188495258e-10,7.771213786705959e-10,189976,Nada,Nada
0.001161208267334018,0.00046608349828468646,0.0036011553753148746,2.699987207672224e-10,1.1270168636660655e-09,9.091820241068672e-10,627447,Nada,Nada
0.0011122088349785405,0.0004692741966034809,0.00358191125842054,2.5044313523711657e-10,1.0621848237315752e-09,8.439137888077089e-10,434904,Nada,Nada
0.0012173830829491268,0.0005393137478235908,0.0036907238901882963,3.6933267760045896e-10,1.521124008174003e-09,1.2445532973828337e-09,383008,Nada,Nada
0.0009672383984022124,0.0005582822730666253,0.0037783443090887063,1.9158506930395527e-10,8.282256386163011e-10,6.618858509424624e-10,856296,Nada,Nada
0.001054981993511905,0.00045537935956533124,0.0037083599461227457,2.1694434159171263e-10,9.259445971263777e-10,7.366199612796e-10,285704,Nada,Nada
0.001239165029544974,0.00047963672523763815,0.0035781205893223532,3.229147762318615e-10,1.3241059060849273e-09,1.0816225738722034e-09,244356,Nada,Nada
0.0011171939410194792,0.0004961932214063488,0.003711230870721235,2.784132502991401e-10,1.1723555344337321e-09,9.43220202328146e-10,840142,Nada,Nada
0.0010388976967201347,0.0005368006424779979,0.0037610798887272824,2.1961679488275522e-10,9.36130589710869e-10,7.534244200045585e-10,973618,Nada,Nada
0.0009877068644434032,0.000549955044209709,0.0038524485019674893,2.342062368485589e-10,1.0082680384666508e-09,8.074342621842872e-10,646652,Nada,Nada
0.0011610875466978867,0.000462123700131465,0.003635591138372296,2.7265343181699363e-10,1.1442629892726982e-09,9.13369923428504e-10,430834,Nada,Nada
0.0012305373617607954,0.00043105987115415486,0.00349149539230831,2.9304637824548834e-10,1.1974071152177365e-09,9.880479783824992e-10,225938,Nada,Nada
0.001232536170018828,0.0004247143059998305,0.003450649737186996,2.9280653543483703e-10,1.1975041714442536e-09,9.853559858036252e-10,658337,Nada,Nada
0.0009933523074664892,0.0005678425538791611,0.003922019493454785,2.4200341632167456e-10,1.0371130832465042e-09,8.370249641152078e-10,808931,Nada,Nada
0.0012912205237007213,0.00044770117589485635,0.0034972286455895447,3.704401094695689e-10,1.5050067167476036e-09,1.2341188521696277e-09,659698,Nada,Nada
0.0011832671231720555,0.0004264836411538062,0.0035680985060442174,2.722887675561211e-10,1.1288363905295857e-09,9.165716296815235e-10,578122,Nada,Nada
0.0010945721112030756,0.000507053260506613,0.003797004400602175,2.737685897844497e-10,1.149045915948766e-09,9.33656162452926e-10,559709,Nada,Nada
0.0012327826770750627,0.00046513483964171946,0.0035436021388776493,3.172006742373087e-10,1.2956026956785611e-09,1.0667743173994679e-09,59891,Nada,Nada
0.0010426735926254292,0.0004952852245041857,0.0037146961957152235,2.393352822954062e-10,1.0223858031362968e-09,8.157964440738051e-10,173117,Nada,Nada
0.0011225083468469309,0.0004276581355029632,0.0035837266821549547,2.3452720078518755e-10,9.89105869685498e-10,7.887397928547616e-10,234882,Nada,Nada
0.0010763415802433087,0.000433043128402345,0.0035677499284030743,2.3001195175423043e-10,9.758242677693125e-10,7.810706514342415e-10,545114,Nada,Nada
0.0010540725420360914,0.0004892146035443691,0.0036779947668179633,2.1103386313524928e-10,8.972451336432903e-10,7.198668598370854e-10,64446,Nada,Nada
0.001062439306770423,0.0005184025680948894,0.003771654149585938,2.2877813909899313e-10,9.773531903637705e-10,7.778216810487204e-10,870876,Nada,Nada
0.0009916794395571553,0.0005017815675598207,0.0037948660779216856,1.9193495740523096e-10,8.275699109695032e-10,6.582317076561417e-10,166567,Nada,Nada
0.0013067310736359684,0.0004352706467699566,0.0034384011035595292,3.5575855617695326e-10,1.4477128897696168e-09,1.1773888887282409e-09,281445,Nada,Nada
0.0011980462015300283,0.0004248638420067607,0.0035152929406672257,3.0450537039961165e-10,1.2672480507405272e-09,1.0174882390187886e-09,511871,Nada,Nada
0.0012037591985085655,0.0004297903458491735,0.0035171174265275,2.613210208291728e-10,1.0769371915276257e-09,8.783215643111604e-10,785118,Nada,Nada
0.00125364555284259,0.00037740278300617356,0.003314819499809386,2.8746545228071897e-10,1.1769981388824742e-09,9.61002697247104e-10,144864,Nada,Nada
0.0012926695759217042,0.00041627175636742823,0.0033946895614333852,3.414041872190471e-10,1.3921499795881758e-09,1.130846472400925e-09,871784,Nada,Nada
0.001196578833052088,0.0005102735746876843,0.003660648154795315,3.040387207708016e-10,1.2463971989094146e-09,1.033697627432151e-09,362691,Nada,Nada
0.0009011678521580674,0.000572728674984939,0.003849413388755383,1.9164801843516427e-10,8.462695763939134e-10,6.617340054768995e-10,264578,Nada,Nada
0.001262914431120278,0.0004572283068693786,0.0035183620610895923,3.405295583509555e-10,1.394762398229777e-09,1.134493495051077e-09,930151,Nada,Nada
0.0010100062505374447,0.0005522507134343755,0.003885750633006919,2.3356093360771683e-10,9.99300759770897e-10,8.038253014515508e-10,203387,Nada,Nada
0.0012011191605689729,0.00047852908367115724,0.003659802784732216,3.072841644905839e-10,1.2682374896140532e-09,1.0329645196020852e-09,539985,Nada,Nada
0.001203785090710151,0.0005073674593446916,0.0036590519620227236,3.315485331309499e-10,1.3694798194730623e-09,1.117232983010148e-09,453440,Nada,Nada
0.0010895372133876645,0.00042460027702718046,0.003522159218169923,2.0880744062120349e-10,8.807218047209745e-10,7.077942840858952e-10,227538,Nada,Nada
0.001145050110016166,0.0004736776249192946,0.0036764707481573406,2.3849524074788077e-10,9.981573267905476e-10,8.039255800799568e-10,327428,Nada,Nada
0.0010463213330901898,0.0005033468864750015,0.003698246572370013,2.1794772327960803e-10,9.24080072970212e-10,7.464192546866925e-10,337761,Nada,Nada
0.0011624149518223395,0.00036838017900156706,0.003354830429437261,2.4752329116999374e-10,1.0235701972521706e-09,8.374850462475593e-10,953995,Nada,Nada
0.0009849433672173098,0.0005073458192347853,0.0037992699358569025,2.066531941005463e-10,8.901719982227646e-10,7.104871158841666e-10,570555,Nada,Nada
0.001011629150258313,0.0004653001494773352,0.003619140092338119,2.0120724295931276e-10,8.591459269410626e-10,6.921395054152514e-10,22878,Nada,Nada
0.0011225447739416476,0.0004889789263044004,0.003637364260660307,2.596410003947919e-10,1.0926917040978023e-09,8.778637765263497e-10,388167,Nada,Nada
0.001292234057273547,0.0005134394601728626,0.0036884975509500315,4.081132495717606e-10,1.6533624854723898e-09,1.3667718015170079e-09,375104,Nada,Nada
0.0011842389544788178,0.0003654245234379139,0.0033985483489414386,2.456269877693778e-10,1.0158873752664753e-09,8.24795671769394e-10,92647,Nada,Nada
0.001086851381040425,0.0004631365819090099,0.0035864984562719083,2.272000870885789e-10,9.593490030102785e-10,7.718189767672151e-10,532241,Nada,Nada
0.001115449851764927,0.0004376890782778256,0.00356982625916722,2.4174004065200005e-10,1.0176737665337473e-09,8.173716383024166e-10,799456,Nada,Nada
0.0011468798829025817,0.0004708034056573003,0.0037116157471991425,2.565210096265209e-10,1.073118018188292e-09,8.645387687741792e-10,212080,Nada,Nada
0.0010747913304927695,0.0004829188255122797,0.003635509754972735,2.3228392857647118e-10,9.823487609835435e-10,7.896745262894179e-10,162381,Nada,Nada
0.001106091136329695,0.000472192562073739,0.0036237710766109654,2.389510017794486e-10,1.0093872486801e-09,8.081242702391326e-10,897038,Nada,Nada
0.0012105729025027245,0.0004479459337235149,0.0036211974426794717,2.9644595150698504e-10,1.2299341753478526e-09,9.879778698407296e-10,92079,Nada,Nada
0.0009614955514438278,0.0005949277231690809,0.003939893571865252,2.2745261700638344e-10,9.879040615696105e-10,7.845097782796602e-10,13968,Nada,Nada
0.001124748293080796,0.0004358312096281009,0.003501135316128064,2.4934576437028423e-10,1.049116784713548e-09,8.42703982832706e-10,19623,Nada,Nada
0.0012835980708626727,0.0004035744265887242,0.0033215197725246686,3.02483182280931e-10,1.231056042625665e-09,1.0089607781720288e-09,831784,Nada,Nada
0.0011324313010296133,0.00047724944458440283,0.003691699510948533,2.730007139426996e-10,1.1430572463594893e-09,9.225923581401715e-10,927179,Nada,Nada
0.0010083087479815518,0.0004947738048500206,0.003780262627524568,2.116412103663607e-10,9.059915781949818e-10,7.267662497291822e-10,940047,Nada,Nada
0.0010223302587981304,0.0005047281797106994,0.0036442196419022364,1.9739165253645964e-10,8.478895161739819e-10,6.750073580910075e-10,793604,Nada,Nada
0.0009653561248918258,0.000500927432335283,0.00369763589284581,2.0541402748883683e-10,8.960795051531835e-10,7.01919855369154e-10,614867,Nada,Nada
0.0011339821299525617,0.00048210755872909225,0.0037228964328827573,2.709060634645358e-10,1.1264766594003822e-09,9.202811113210653e-10,647125,Nada,Nada
0.0011369273596821016,0.0004839312883608484,0.003557616348866855,2.694061210146011e-10,1.1342116453843608e-09,9.1047213442707e-10,55382,Nada,Nada
0.0010971615334579726,0.00046142433676553234,0.0036586377005393637,2.2252640099925757e-10,9.445158685602956e-10,7.508178922455094e-10,830359,Nada,Nada
0.001063353120945729,0.00044165709618519564,0.0035861809446730585,2.1151804521205322e-10,9.03662427751435e-10,7.153294373956593e-10,107073,Nada,Nada
0.0013182117060185382,0.0003740047291903376,0.003357485111744541,3.3430052743586413e-10,1.3426853902148684e-09,1.1148617272340452e-09,776847,Nada,Nada
0.0011797405462379415,0.000455457545783238,0.003651760675463567,2.936189835537765e-10,1.2129938824914633e-09,9.901246397877648e-10,216002,Nada,Nada
0.0011484292457818394,0.00043828103962056155,0.0035666930418632903,2.444616896440532e-10,1.0165231974799648e-09,8.261761417393843e-10,714633,Nada,Nada
0.0009324776237877758,0.0005857631160387083,0.0038932273530299555,2.0771273610305887e-10,9.00099914170467e-10,7.232572849010111e-10,942233,Nada,Nada
0.001220167017817341,0.000508357396709267,0.0036522955966943175,3.333004147561399e-10,1.3855999486840055e-09,1.1116673526768335e-09,249055,Nada,Nada
0.0010569071386144304,0.0005115601233684214,0.0037672884809436314,2.3906078350162067e-10,1.0159294193205424e-09,8.17227644775609e-10,238580,Nada,Nada
0.0012027975349485633,0.000441273519314559,0.0035140526061108175,2.755643995799172e-10,1.1375605194013166e-09,9.236347181829764e-10,942101,Nada,Nada
0.0011280136731685012,0.00048309748790215394,0.0037001819981518852,2.4783180885204935e-10,1.0430326590283576e-09,8.372454577319907e-10,324747,Nada,Nada
0.001110556636735699,0.0004756927782662197,0.003645925972140437,2.342140543409166e-10,9.91586943247999e-10,7.901951135035894e-10,627121,Nada,Nada
0.0009845868857744084,0.00047853113605853464,0.003642920243289913,1.9472846335276364e-10,8.413438397169629e-10,6.67465156159508e-10,303696,Nada,Nada
0.0008230457613299197,0.0006008143570874998,0.003909130268211434,1.9089351102884996e-10,8.458186414605635e-10,6.711035793120828e-10,329753,Nada,Nada
0.0013467980713802456,0.00046134683687978933,0.0035457564453412133,4.299167274896858e-10,1.7414775966641881e-09,1.4144521075500082e-09,827297,Nada,Nada
0.0012774486712095851,0.0004139143415545992,0.0033621972689425943,3.329853805630669e-10,1.3688912849358398e-09,1.1042984235237718e-09,387727,Nada,Nada
0.001045756355036558,0.0005645849851785623,0.003912943378137203,2.660327480357199e-10,1.135272787067315e-09,9.107015403431208e-10,119963,Nada,Nada
0.0010208170130273954,0.0004794851590606013,0.0036964716485143215,2.1881662078814884e-10,9.375919254194733e-10,7.481756399988797e-10,626730,Nada,Nada
0.001226293860757135,0.00040393493153005903,0.0034461042408005377,2.7124026624376157e-10,1.118768560926818e-09,9.058795054173242e-10,661318,Nada,Nada
0.001152505806822533,0.0004203868588215643,0.003475316462428195,2.4706525601151643e-10,1.0204384743149414e-09,8.413027624634199e-10,358543,Nada,Nada
0.0011047904238621082,0.000506831868691525,0.0036800424263596725,2.5243801314045275e-10,1.0633670908014355e-09,8.578992179233889e-10,735633,Nada,Nada
0.001008814727639613,0.0005207602695971177,0.0037233517412411936,2.045098376264218e-10,8.761506624596015e-10,7.028777729389151e-10,206308,Nada,Nada
0.0009511633735259032,0.0005274306773871279,0.0038003868556976787,2.1050755020001444e-10,9.127797624163676e-10,7.26655054640856e-10,596931,Nada,Nada
0.0011878952356098767,0.0004910751897390938,0.003587673246826257,3.038110193887269e-10,1.27373966045204e-09,1.0143109342491015e-09,40758,Nada,Nada
0.0010691970947335004,0.0005059471054837316,0.0037062332894355087,2.454167957691404e-10,1.0394072936089265e-09,8.365722439109343e-10,915222,Nada,Nada
0.0009711887287795903,0.0005202726039713511,0.003820151902157192,2.029753597917592e-10,8.75571240469359e-10,6.991402784379054e-10,664445,Nada,Nada
0.0012983534753017285,0.0004000223882280306,0.003434737841152216,3.317834151357395e-10,1.3551110800266455e-09,1.0945458337292614e-09,942378,Nada,Nada
0.0012473747125422423,0.0004724895661192266,0.003543965330756981,3.3085720305952196e-10,1.3632795784940613e-09,1.103298724533265e-09,516544,Nada,Nada
0.0011073002647727388,0.0004276018269755163,0.0035853384612984894,2.2964712308898905e-10,9.754299902321172e-10,7.722537711490432e-10,301917,Nada,Nada
0.0011720498722204904,0.0004184754544646286,0.0034662574674976764,2.577556096260573e-10,1.068670139643317e-09,8.687240716547331e-10,341459,Nada,Nada
0.001276977732165836,0.0004106769271228168,0.00341015970000515,3.2401911382856783e-10,1.321312868548018e-09,1.0799627214479521e-09,421273,Nada,Nada
0.0010603998080748482,0.00047337234686293335,0.0036642110145435566,2.2062266144970379e-10,9.48801432063467e-10,7.446782109042315e-10,655280,Nada,Nada
0.0009995148450258934,0.0004778895822462446,0.003664786176056977,2.0037126729330304e-10,8.557519359843175e-10,6.890934502383123e-10,341519,Nada,Nada
0.00121904759089758,0.00046022668864961503,0.003551209454047449,3.1814651737986435e-10,1.327299016951468e-09,1.056293790531953e-09,33199,Nada,Nada
0.0012958765693455734,0.0004439507430557899,0.0033935999001310255,3.4078353520927935e-10,1.3930759167912915e-09,1.1320036917853193e-09,747566,Nada,Nada
0.001280219046233534,0.00037434208525003983,0.0033882197721349385,3.019786138988864e-10,1.2392657611114862e-09,9.96373250317509e-10,63231,Nada,Nada
0.00103652219084745,0.0005768388774964649,0.003964279230767659,2.798129813899229e-10,1.1924552563961832e-09,9.60990233627096e-10,658123,Nada,Nada
0.0012602807412981844,0.00045874418941729215,0.0035531981672527395,3.4373942930837727e-10,1.4084836158250071e-09,1.1457810081470312e-09,807764,Nada,Nada
0.0010355930193068285,0.0004319463605084801,0.0036258071487846365,1.9644678260471173e-10,8.335983597712423e-10,6.724679408648127e-10,696827,Nada,Nada
0.0012626991637168519,0.00037834614587144513,0.0033954280620162544,2.7982854350066114e-10,1.1380001894076064e-09,9.358250522248505e-10,409814,Nada,Nada
0.0012329392042283466,0.0004138507191879893,0.0035044426792512633,2.8026380642920206e-10,1.147361831965862e-09,9.383890178132197e-10,945279,Nada,Nada
0.0010090096920872974,0.0005254588498718569,0.0037549672770963985,2.0722617131508962e-10,8.938621482111241e-10,7.081337578594008e-10,487368,Nada,Nada
0.0012157998725018159,0.0004494563714601573,0.0036028412020997895,3.1061870222443674e-10,1.2741986929271274e-09,1.0446371742764889e-09,772440,Nada,Nada
0.001191847798770602,0.0004363170161465843,0.0034709958733476452,2.8170192201901717e-10,1.1559579466910354e-09,9.532967688754387e-10,890442,Nada,Nada
0.0010625924230896445,0.0004888028000759601,0.003742990888552766,2.3328817010784527e-10,9.918346977799098e-10,7.931319074824232e-10,185702,Nada,Nada
0.001063863029803902,0.0005495814413611322,0.0037507856808838068,2.637080612150604e-10,1.121852045970888e-09,9.01587992211284e-10,821643,Nada,Nada
0.0012301238285839279,0.00036144214774003696,0.0033606624445038083,2.895778042920937e-10,1.1876295927919869e-09,9.6915141524959e-10,902482,Nada,Nada
0.0010165445182174888,0.0004349661569501582,0.0035666819943915816,2.0313515503946172e-10,8.692687009366634e-10,6.938084040733924e-10,144399,Nada,Nada
0.001363445203849043,0.00040680557939510464,0.0033867914414005655,3.735216696887436e-10,1.4880802830561529e-09,1.2365711320286533e-09,793861,Nada,Nada
0.0010532063708069443,0.0005127294749172185,0.0037122116433616786,2.243505200251767e-10,9.486910909265143e-10,7.710463119169006e-10,61331,Nada,Nada
0.0012797338520155834,0.0003295443059129574,0.003248383576537915,2.984709715241458e-10,1.2177269674109985e-09,9.912266611571656e-10,843134,Nada,Nada
0.0012552069518622557,0.00044328138515045484,0.0035146949963828123,3.369094111862439e-10,1.3768144816436081e-09,1.1265757398886595e-09,833128,Nada,Nada
0.001105553524410098,0.000510148628252951,0.003695331747673106,2.5300055187627814e-10,1.067466539505329e-09,8.581709776514021e-10,636804,Nada,Nada
0.0010399837019767185,0.00046437486551801667,0.003696064360667344,2.1551938064024358e-10,9.157443496646635e-10,7.372095761280007e-10,464421,Nada,Nada
0.0012689555109968963,0.00040830803310152057,0.003448108899539001,2.976096896222032e-10,1.2130750297291756e-09,9.926193810977846e-10,933710,Nada,Nada
0.0010923424104005996,0.0004509053052827252,0.0036089963940949205,2.142632152729784e-10,9.106092250468883e-10,7.216072574390342e-10,575955,Nada,Nada
0.001167418946050565,0.000425424725543141,0.0035175571537577484,2.5037028894071166e-10,1.0423029321640526e-09,8.422398275433488e-10,122200,Nada,Nada
0.0009552118948044575,0.0005160997818275931,0.0037541998930863793,1.9659514743852041e-10,8.49616379086698e-10,6.78758616206203e-10,484947,Nada,Nada
0.0011606565002730193,0.00040641221068336505,0.0035816907861948026,2.4183306204225575e-10,9.990520908455963e-10,8.204388672090487e-10,158159,Nada,Nada
0.0011846735486634018,0.0004571099278587644,0.0035452528581982248,2.810685504558017e-10,1.1570006176167809e-09,9.537597759598837e-10,168742,Nada,Nada
0.0010780345318941724,0.00046813338018295237,0.0036182480419462604,2.271640948172114e-10,9.55113807031362e-10,7.776037406518761e-10,83929,Nada,Nada
0.0011498193114985644,0.00048491237349825803,0.003676316189437316,2.7515844562686446e-10,1.1369353133956763e-09,9.370204361339067e-10,171947,Nada,Nada
0.0011721885519814352,0.00047332294887325035,0.003600314223302531,2.684480439339719e-10,1.1231808823833888e-09,9.007551324159375e-10,267386,Nada,Nada
0.0012096663869689925,0.0003859400855926594,0.003498928666282455,2.8635143627686896e-10,1.17735550585218e-09,9.59395816664091e-10,920067,Nada,Nada
0.0011844203205175062,0.0004098393815164518,0.0034231739209764573,2.4564484379964556e-10,1.0262504652419796e-09,8.217130895924594e-10,40324,Nada,Nada
0.001117234270792915,0.00044372603989966986,0.003592529591454998,2.2636657322025338e-10,9.511928380781887e-10,7.647113201478169e-10,59956,Nada,Nada
0.0012093515182047031,0.00043639601275494985,0.003547107338042869,3.044090148052773e-10,1.2555769280299359e-09,1.0207018026922038e-09,570226,Nada,Nada
0.0012966636036711452,0.00036133244003366355,0.0033562158076735553,3.058685544789767e-10,1.240031432424e-09,1.0155370738874223e-09,95109,Nada,Nada
0.0011243655808763331,0.000457067428929783,0.0036489230407320194,2.5268961474958676e-10,1.0594848457791393e-09,8.531274821083446e-10,314883,Nada,Nada
0.0012661457613475024,0.00039482106528075965,0.0034172395175824963,2.957067920524038e-10,1.211536679540041e-09,9.811531776818807e-10,299239,Nada,Nada
0.0012076389136916185,0.0004960566166218907,0.003641962189954573,3.0715338971717953e-10,1.268979857451668e-09,1.0316651637759206e-09,736296,Nada,Nada
0.0012706467200200916,0.00039527511763398946,0.0033499067139365775,3.1244503274754444e-10,1.2831677828141692e-09,1.034097302608465e-09,588287,Nada,Nada
0.0011201203810762709,0.0004305943803215583,0.003606471640482442,2.3266558053292167e-10,9.731453272789565e-10,7.886503087011007e-10,702620,Nada,Nada
0.0014002264532745326,0.0003666514880354209,0.003296232318998331,4.12932173062062e-10,1.6561287979555505e-09,1.3467703786690004e-09,456820,Nada,Nada
0.000949602194716178,0.00048354460263310746,0.003694366142481966,1.9207268736863254e-10,8.325408475331165e-10,6.620428014217821e-10,397316,Nada,Nada
0.0011950237773431514,0.0005261928760496739,0.003742001619262733,3.6484606772920394e-10,1.5079378806984551e-09,1.2327157464247494e-09,723582,Nada,Nada
0.0011979492284979773,0.0004051536763957804,0.0034082316417643364,2.7408722809346604e-10,1.1472745741960403e-09,9.13622899030937e-10,145913,Nada,Nada
0.001237055808983084,0.00048769414938286377,0.0035682615482718577,3.319751593102526e-10,1.360655389361334e-09,1.1146489823552867e-09,314184,Nada,Nada
0.0010969017290078486,0.00044479870560961766,0.0036792222154437585,2.351586624176595e-10,9.91843605154121e-10,7.960470710042371e-10,228354,Nada,Nada
0.0012969504457550575,0.000436694686009554,0.0035150895684963003,3.678448159706682e-10,1.4990914760881436e-09,1.2187937656513005e-09,768055,Nada,Nada
0.0011929268535527111,0.00041869493681454884,0.003427681547509593,2.720428556735978e-10,1.1330847956999411e-09,9.099265951157284e-10,301277,Nada,Nada
0.0010773583671779463,0.0005112724091051132,0.0037167077771228726,2.4334268552738743e-10,1.0335910380382107e-09,8.280115307661146e-10,430074,Nada,Nada
0.0011511580095507064,0.0004128087220068059,0.0035371612875049574,2.319315177615393e-10,9.705045290710909e-10,7.79824079773414e-10,227788,Nada,Nada
0.000985179074873966,0.0005259803508462893,0.003878845618093,2.111338475120899e-10,9.129982607944035e-10,7.231762745255926e-10,927384,Nada,Nada
0.001179439966090015,0.00041191374811799943,0.0034361008508856554,2.5518313855364287e-10,1.067920024722696e-09,8.518616202893759e-10,864240,Nada,Nada
0.0011382063800498016,0.0005610804445320009,0.003807354533329558,3.271290973748507e-10,1.3722474138164893e-09,1.1105533907414101e-09,388315,Nada,Nada
0.0011840814642787797,0.0004183516625858475,0.0034731459770760515,2.61296347918816e-10,1.0824051664293957e-09,8.801241720824628e-10,439412,Nada,Nada
0.001194750602903909,0.0004907133039550859,0.00367634600058628,3.2193357689267154e-10,1.3276234415472327e-09,1.0863795481531815e-09,94085,Nada,Nada
0.0012034077251942249,0.00039798074712615454,0.0034113786747188685,2.668378947165367e-10,1.0986081624048602e-09,8.982509157663179e-10,42800,Nada,Nada
0.0008735622754499066,0.0005470824224708508,0.003876669034478607,1.9001156181220835e-10,8.291151169622647e-10,6.656166409955153e-10,419345,Nada,Nada
0.0011622135064825142,0.000426323402419577,0.0035070417112177212,2.405403286689357e-10,9.989012637488871e-10,8.136312610515292e-10,114137,Nada,Nada
0.0012631495406532182,0.00043285118997695435,0.0035171017927313297,3.1486846007168666e-10,1.276819336421534e-09,1.0568244251301162e-09,511586,Nada,Nada
0.0013138377340619356,0.0003523356158668486,0.003274411443389818,3.0767072163853404e-10,1.2398898459810854e-09,1.022780281335515e-09,690445,Nada,Nada
0.0010727762763593372,0.0004940800343924223,0.003618613538630968,2.394382358956379e-10,1.0129977855090964e-09,8.165828470076862e-10,846481,Nada,Nada
0.0010102468411078349,0.0005560902382099689,0.003764887201787948,2.2907720823039378e-10,9.928951174980092e-10,7.809445625336879e-10,347070,Nada,Nada
0.0012052733466275697,0.0004110662552705601,0.0034661282783490922,2.6511670646623374e-10,1.095002630694814e-09,8.908982733315908e-10,657204,Nada,Nada
0.0010413217799384981,0.0005323115898413793,0.0038034514349755922,2.3244447231410896e-10,9.899801023035958e-10,7.966701315247934e-10,683370,Nada,Nada
0.000984418288376516,0.00048756453609261866,0.0037339976188451333,2.0598740317591145e-10,8.8581116564245e-10,7.082624011824996e-10,145324,Nada,Nada
0.0013131729837790507,0.00043179600065518855,0.003488595277723478,3.6555355107126185e-10,1.484905151936657e-09,1.2108944742613405e-09,267570,Nada,Nada
0.0010097097707710261,0.0005524562979156267,0.003796139979542349,1.972977844389171e-10,8.491492554062576e-10,6.763637340960819e-10,614123,Nada,Nada
0.0011551408397106025,0.0004412188009875646,0.0034410351660695104,2.467106243958134e-10,1.0287009743756936e-09,8.343675147296754e-10,686996,Nada,Nada
0.001273347340203863,0.00032635394563811397,0.003327593877444822,2.900376115772625e-10,1.1828152518237591e-09,9.62703575985949e-10,679855,Nada,Nada
0.001249767200679225,0.00046444061441219174,0.003508559213981166,3.2536641711807086e-10,1.3252709995923975e-09,1.095257372834197e-09,372174,Nada,Nada
0.001215062875421875,0.00033503688351053533,0.0033594224245106336,2.5116991549594953e-10,1.0409841727473777e-09,8.326676592430732e-10,344398,Nada,Nada
0.0013155072186077114,0.00042390918228710916,0.003433175408553293,3.61881924753969e-10,1.4729419206936662e-09,1.1964954563324695e-09,131989,Nada,Nada
0.001248441384073907,0.00043252504485221706,0.0034412255205260446,3.0567028665607914e-10,1.2541720552123416e-09,1.0228938758389358e-09,566916,Nada,Nada
0.0010846792166184045,0.00042977539634868773,0.003559897140610425,2.3187997704809775e-10,9.76285717764587e-10,7.879835025889496e-10,321123,Nada,Nada
0.0012340897804274643,0.0004917051620123892,0.0036752307704562095,3.3959231816560344e-10,1.3896095052235655e-09,1.1433832800580325e-09,334725,Nada,Nada
0.0010747239672764903,0.0004947478095658499,0.0036564084191296723,2.212203485205632e-10,9.361374783339594e-10,7.559623148761325e-10,791950,Nada,Nada
0.0011851023955539246,0.0005202418056747683,0.0037975960730451735,3.35688757507174e-10,1.397162445402835e-09,1.1288459822960834e-09,329304,Nada,Nada
0.0011582048909336746,0.000465814201478114,0.003623800712714275,2.6684017434754654e-10,1.1186049793632369e-09,8.95530283488947e-10,245957,Nada,Nada
0.001087072734601568,0.0004513073255354707,0.00355013863313822,2.2118526522898025e-10,9.30308959842362e-10,7.542880089668898e-10,113263,Nada,Nada
0.0010887384318758798,0.00042349047129479524,0.003512447619242741,2.1256895793636174e-10,8.951911832329654e-10,7.231833558109466e-10,540456,Nada,Nada
0.001156703610438632,0.00043203009568279065,0.003545089554969083,2.4567785300479593e-10,1.018856154215936e-09,8.300049855794389e-10,892444,Nada,Nada
0.0012577312711399339,0.00044636199186295444,0.0035294840928391676,3.456728879603788e-10,1.4125324713841128e-09,1.1550272506651478e-09,147702,Nada,Nada
0.001229865405198738,0.0004426477099134412,0.0034927960638159723,3.148862932164599e-10,1.2991838690493153e-09,1.0517087631909135e-09,573936,Nada,Nada
0.0013329843295339734,0.00038115971321271697,0.003434593627336942,3.775557677655885e-10,1.5165962997548069e-09,1.248365265253163e-09,495961,Nada,Nada
0.0009369753507312336,0.0005466522575205604,0.003800427934351011,2.0456357628694005e-10,8.886668088168058e-10,7.089007015265367e-10,147118,Nada,Nada
0.0008929483880174381,0.0005581356493615133,0.003881181598699135,2.012038998333139e-10,8.813315130127223e-10,6.999734035270932e-10,503679,Nada,Nada
0.001069839691577873,0.00045832703876266584,0.003572018858439541,2.0737663196378772e-10,8.782830890025216e-10,7.06359876188718e-10,627470,Nada,Nada
0.0011288063663646081,0.00044868071753881105,0.003578952942683297,2.1778476485182065e-10,9.151537550518214e-10,7.348883189219185e-10,118231,Nada,Nada
0.001125888506265664,0.0005273055905642329,0.0037797256498989847,2.718344249447488e-10,1.133723271842547e-09,9.265957516710797e-10,454551,Nada,Nada
0.0011077929027077235,0.0004508984964318536,0.003555569735168679,2.2286060970851685e-10,9.399941130538777e-10,7.532470407881691e-10,446684,Nada,Nada
0.0011483645116667032,0.00043631301349146497,0.0034957440485652615,2.622733132999264e-10,1.0917531530165687e-09,8.884841670415634e-10,503101,Nada,Nada
0.0011737898467442088,0.0004938709606612417,0.0036843392328425547,3.0429198114501434e-10,1.2698358284652944e-09,1.024113476169521e-09,986539,Nada,Nada
0.0010531845640910922,0.0003890242860684167,0.0035402486019972873,1.956206151467333e-10,8.244347572328215e-10,6.663259301074254e-10,664357,Nada,Nada
0.0012011898380887983,0.00042449284944358475,0.0034927072453704556,2.656811505297437e-10,1.0985815215133851e-09,8.915108136330909e-10,879204,Nada,Nada
0.0012367750199166457,0.0003413879063809704,0.0032784358097117383,2.790869355963638e-10,1.149371238467181e-09,9.274371980906603e-10,572540,Nada,Nada
0.0011300823615183742,0.00047132559708316414,0.0036582887603584576,2.5307674805563894e-10,1.0579191049082632e-09,8.571048922553357e-10,499153,Nada,Nada
0.00119036999564428,0.000460914642671564,0.0035649951392928802,2.8308830070657714e-10,1.1704211467206548e-09,9.534484401511149e-10,617230,Nada,Nada
0.0011430955059926564,0.0004855462796958688,0.0036887143620170015,2.595782249092787e-10,1.0874053393323056e-09,8.760411490453405e-10,902637,Nada,Nada
0.0010471865123482013,0.0004916486353771863,0.0037131888973467603,2.2223873468386824e-10,9.378639507195182e-10,7.649821807535147e-10,213997,Nada,Nada
0.0010514331452604036,0.0005072292268739277,0.003664944527368995,2.3619833240394596e-10,1.008795373247252e-09,8.044204182230344e-10,504,Nada,Nada
0.0011587586547683042,0.0004187033278792115,0.0035773525445756695,2.5878035551533294e-10,1.0741099181893378e-09,8.739408484501791e-10,736797,Nada,Nada
0.0010190986395031225,0.0005509041623612255,0.0038278474509948067,2.5448612477150554e-10,1.0911208741684152e-09,8.730388337579026e-10,610420,Nada,Nada
0.0012886349764155932,0.00041545000698613437,0.0034618340021026913,3.332013161896256e-10,1.3476423971066513e-09,1.1144286340397493e-09,827956,Nada,Nada
0.0011865539776150572,0.0004169776435306921,0.0035164876621281457,2.672118582130064e-10,1.109905372781351e-09,8.973126792031862e-10,679548,Nada,Nada
0.0013524332787902538,0.0004344661330149446,0.003401449460115732,3.950553835311903e-10,1.5939255770861838e-09,1.3051475264760767e-09,637380,Nada,Nada
0.001187717330363256,0.0004494364117597904,0.00360424332199444,2.9513794734045654e-10,1.218509202925237e-09,9.948444777084923e-10,966560,Nada,Nada
0.0013474842385338317,0.00035640321368487685,0.0032304933504566737,3.362560565765133e-10,1.3695085533024343e-09,1.0991763451073816e-09,385184,Nada,Nada
0.0010577081009256644,0.00047328043809187953,0.0037285134529362568,2.132042143652659e-10,9.037619136154351e-10,7.271537505426126e-10,132031,Nada,Nada
0.0010969976692717855,0.0005005972951061982,0.0036804098146002357,2.398550540712799e-10,1.0034853344158105e-09,8.211218519875765e-10,935947,Nada,Nada
0.0011476095203032505,0.0004877670666508957,0.0036322088331519234,2.740719444285627e-10,1.1465194196600465e-09,9.24702063708877e-10,954914,Nada,Nada
0.001042206192280439,0.000526565014606818,0.0037577886767012647,2.2516874441097542e-10,9.620511077953966e-10,7.690420579885686e-10,57993,Nada,Nada
0.001253381500844866,0.00045957123334217537,0.0035467666572721814,3.210925021709734e-10,1.3103647859905169e-09,1.0767461152180175e-09,241188,Nada,Nada
0.0011508120063122708,0.00048218829345292845,0.00369109041877987,2.8792092547150873e-10,1.1916355380754903e-09,9.774538174587178e-10,517502,Nada,Nada
0.001015734367874254,0.0005255972128943169,0.0037311752483889377,2.1256216803056463e-10,9.057846549079765e-10,7.326205410758978e-10,210224,Nada,Nada
0.0010435945028657821,0.00044805517908074534,0.003592129966657971,2.168773848092185e-10,9.237805720353181e-10,7.394664499605029e-10,435091,Nada,Nada
0.0010506464824585466,0.0003947644103479497,0.003510596011867812,2.1090292461136014e-10,8.970738783802296e-10,7.150961132436795e-10,857857,Nada,Nada
0.0010836741929794954,0.0004814993966400652,0.0036532765076329123,2.1737765585247285e-10,9.13797345545497e-10,7.443220329741823e-10,766833,Nada,Nada
0.001180605211712531,0.0004917893538533434,0.003681779846648705,3.0640178154366075e-10,1.2674452214145062e-09,1.0355704592301554e-09,628064,Nada,Nada
0.001141159992124885,0.00040557687754210126,0.0034620668391598373,2.3193493360774711e-10,9.717852697812856e-10,7.80410631101417e-10,377828,Nada,Nada
0.0011059741559131242,0.0005323800333791071,0.0038186093744350547,2.6499141992456196e-10,1.1143853662269728e-09,9.012326291710348e-10,491175,Nada,Nada
0.0011781143597626585,0.00043348051764913317,0.0035097351951478765,2.7213131066832033e-10,1.1297143611452462e-09,9.162737796013207e-10,606202,Nada,Nada
0.0010748416724643962,0.0004618852552024678,0.0036263775918110052,2.117009048026256e-10,9.057333408200935e-10,7.147034883783976e-10,969559,Nada,Nada
0.0011062048095077288,0.00045985839067327937,0.0036512131296826283,2.341176484316081e-10,9.754751939421254e-10,7.988054029066373e-10,479387,Nada,Nada
0.001098755429978326,0.0005077222026773311,0.0037757891707174275,2.6161926956237247e-10,1.0995686082253007e-09,8.923372983140964e-10,928650,Nada,Nada
0.0010937776973901552,0.00046535385238640907,0.0036737598751951754,2.317626435343306e-10,9.819009835782645e-10,7.84077574829761e-10,894757,Nada,Nada
0.0011330756618829984,0.00043591335693229943,0.003540087622321227,2.2153737722993506e-10,9.284900119854588e-10,7.481185679475051e-10,125760,Nada,Nada
0.001114513174090805,0.0004007141372112531,0.003458445476619661,2.1792899229030217e-10,9.107589823754634e-10,7.403715472984075e-10,505507,Nada,Nada
0.001171776634539945,0.00033862539179762283,0.003377640182070516,2.2125524231411703e-10,9.258366598515706e-10,7.386900430190182e-10,53883,Nada,Nada
0.000963348362845159,0.0005560701967977698,0.0038691531464870844,2.1026712148938363e-10,9.07336285245405e-10,7.274876990648671e-10,514561,Nada,Nada
0.0011667102459417206,0.0005242579709687377,0.003649284289913759,2.829754574800525e-10,1.1712819100544104e-09,9.6321183656719e-10,245162,Nada,Nada
0.001126621612798777,0.0005093086218059595,0.0036504440832020838,2.6731569930403524e-10,1.1281082227984706e-09,9.020703249664358e-10,487913,Nada,Nada
0.0011777666321043585,0.0004951068111991171,0.003715736324189624,3.0584690059305777e-10,1.2694743054991274e-09,1.0326813122388206e-09,160159,Nada,Nada
0.0012949530768389375,0.000457581396364062,0.003594496630559726,3.66723942843201e-10,1.4967220300708231e-09,1.2146791941535343e-09,471672,Nada,Nada
0.0011704611561800127,0.0004461478490520593,0.0035737220267159937,2.5827200032966585e-10,1.0792221784083326e-09,8.671626643288259e-10,650136,Nada,Nada
0.00120792943350014,0.00047002719501988824,0.003541674599895436,3.0295462593717526e-10,1.2527342026430027e-09,1.0177113970037273e-09,709428,Nada,Nada
0.0009549307962973097,0.0005383412700745597,0.0038637023292184985,2.2045525233598893e-10,9.510001296622792e-10,7.637044774203504e-10,825288,Nada,Nada
0.0010218704737988823,0.0005510728510811047,0.00381782694508229,2.3124473363672533e-10,9.963646563455822e-10,7.900370426971106e-10,885069,Nada,Nada
0.0012886269592722961,0.000445550729237203,0.0035963781422699583,3.5112100027758685e-10,1.4192013433771034e-09,1.171323441842357e-09,634673,Nada,Nada
0.0010895758305226248,0.000492350687979104,0.003712006626638356,2.3101958614167378e-10,9.7455718605469e-10,7.865079445293521e-10,902583,Nada,Nada
0.0012183975036896683,0.000449937221227761,0.0035262363124789592,2.9204136556013697e-10,1.1859479679941462e-09,9.91149335843637e-10,658213,Nada,Nada
0.0010792456305580087,0.0003966323679165686,0.003472808840912056,2.0124364761004453e-10,8.524950012345414e-10,6.815573996517843e-10,529198,Nada,Nada
0.001191409582259859,0.00037325346259568435,0.0034239787194695324,2.49535085281782e-10,1.0242786895050764e-09,8.416340510740976e-10,590997,Nada,Nada
0.0014018053966662835,0.0003447472489502305,0.003206717142097621,3.8726686827874e-10,1.5626990354373857e-09,1.2578627387386164e-09,765239,Nada,Nada
0.001119788265541197,0.0004372651867043414,0.0035857643665663476,2.275842136606077e-10,9.63880114730556e-10,7.635536762605215e-10,44953,Nada,Nada
0.0010592352085316567,0.0005126359764799674,0.003776286526826321,2.354753282713311e-10,9.953769714705556e-10,8.075967887454032e-10,122629,Nada,Nada
0.0012122492251199985,0.00048027183164824175,0.0037112121948513098,3.3632400024771057e-10,1.3970499571421572e-09,1.12028211496381e-09,762223,Nada,Nada
0.0011653425485422533,0.0004569624887757321,0.003569437568529403,2.496457203640528e-10,1.042616833633283e-09,8.406490227206701e-10,739009,Nada,Nada
0.0012482102677947367,0.00047478533678059427,0.0035335961006352696,3.5873701372749893e-10,1.4873230554822124e-09,1.1932493385234038e-09,106670,Nada,Nada
0.001011819151892004,0.0005002181688428767,0.0037853862182773285,2.0869739908288695e-10,8.966517829798009e-10,7.13711651812933e-10,954151,Nada,Nada
0.001125474587641732,0.0004747147111017812,0.0035378576826685846,2.418530073271646e-10,1.0153482775887863e-09,8.19163282233758e-10,97119,Nada,Nada
0.001124717962708522,0.00047738722602356956,0.0035666727349821623,2.5149051270761767e-10,1.0519811763735318e-09,8.570125989388868e-10,96372,Nada,Nada
0.0013656392313288737,0.0004505028043063667,0.0034171917628306537,4.199930309783237e-10,1.6967316863678126e-09,1.3861492823508745e-09,903743,Nada,Nada
0.0011466181578475745,0.0004418956273043856,0.0035078540741124483,2.550338395905401e-10,1.0678497890241728e-09,8.596745401011315e-10,28072,Nada,Nada
0.0011982598793326947,0.000418647552245002,0.003499209645647942,2.711646103548907e-10,1.1256488361538456e-09,9.079213925031686e-10,481286,Nada,Nada
0.0012877006408448628,0.00040465230231592986,0.003412624599272706,3.15154557816252e-10,1.2847173277370146e-09,1.0469729809548735e-09,507823,Nada,Nada
0.0010506968314709128,0.0005291735599290134,0.0037938527849323066,2.4703194494497993e-10,1.0558742984283743e-09,8.418864428233597e-10,157213,Nada,Nada
0.001264532477242977,0.0004044381818861891,0.0034251152893218606,2.933276180882933e-10,1.207731603475333e-09,9.699222208882144e-10,665481,Nada,Nada
0.001014120998395035,0.0005060263279901613,0.0037312442232158194,2.04761550277048e-10,8.738834862262462e-10,7.044436827281677e-10,832300,Nada,Nada
0.0010438562658384614,0.0005054451358679504,0.0036563889350661968,2.200386884275063e-10,9.421104969692774e-10,7.504255041184639e-10,864696,Nada,Nada
0.001288183590966751,0.00045078212323808705,0.0034200001170899027,3.457958329200473e-10,1.4050963304688133e-09,1.1540699164714324e-09,840072,Nada,Nada
0.0011493457424514816,0.0005131206085454966,0.0037039230750433006,2.904206632443652e-10,1.2087377879828282e-09,9.883194733467675e-10,96607,Nada,Nada
0.0012569450980784503,0.000395904323809734,0.0033699013776290194,3.240119506691497e-10,1.325177098391362e-09,1.0816742334291393e-09,211933,Nada,Nada
0.0011093235058846403,0.0005333078535952799,0.0037711969228231435,2.6893992797662384e-10,1.1253469058163377e-09,9.190622508033845e-10,305637,Nada,Nada
0.001105924130872008,0.0005080764141372366,0.003795193356237606,2.603064553140751e-10,1.1002368105408169e-09,8.795622466047361e-10,454966,Nada,Nada
0.0010045110830956081,0.0005449536622049877,0.0038151473345174763,2.1763456630709325e-10,9.39172719417385e-10,7.445532440591566e-10,492346,Nada,Nada
0.0011737963636613913,0.0004023284523910941,0.003489501934294803,2.6781828898586524e-10,1.1136767705011522e-09,8.975434675198618e-10,128044,Nada,Nada
0.0012037620275622827,0.0003804482195827691,0.00339512067001221,2.640173183291163e-10,1.0885663210497642e-09,8.846776786681311e-10,911792,Nada,Nada
0.0012669718671808532,0.00039131458459052256,0.003378133707601637,3.2639111663262716e-10,1.3477303257154072e-09,1.0784371481262384e-09,204084,Nada,Nada
0.0012358733755319354,0.0004204138769162506,0.0034430771753024268,2.9082106463173094e-10,1.1919179000884483e-09,9.748050360618395e-10,606044,Nada,Nada
0.0011114742734433477,0.0004052286292989577,0.003478845441187482,2.0592768520987933e-10,8.720232721388122e-10,6.924006338270966e-10,618825,Nada,Nada
0.0010943407808078366,0.0005124985537195109,0.0036861028949165572,2.5435418434111795e-10,1.0745261175437084e-09,8.652672923368452e-10,127651,Nada,Nada
0.0011937833172446575,0.00045442906795059443,0.0035836233341319935,2.7984810863322774e-10,1.1545528779590866e-09,9.424704106722446e-10,721369,Nada,Nada
0.0010348427380881336,0.0004603092169249,0.0036401583041128028,1.9231987016685598e-10,8.225123050940136e-10,6.561167322238207e-10,179166,Nada,Nada
0.0010284176385727101,0.00045437854707196804,0.003678519836030214,2.0743741495502714e-10,8.905458210210192e-10,7.059467059232705e-10,575804,Nada,Nada
0.0012655458070049564,0.00042150612063212596,0.0035190662739523924,3.196705742701333e-10,1.3109539477448742e-09,1.0621009325591439e-09,181739,Nada,Nada
0.0010483748425979228,0.0004166199656283986,0.0035291544000465714,2.0247279884941225e-10,8.633910021896497e-10,6.871591183922524e-10,983869,Nada,Nada
0.0013035718186273368,0.00040731663184368183,0.003410667475940109,3.4756599727638736e-10,1.4066584148443325e-09,1.1572191362613663e-09,859515,Nada,Nada
0.0012491227579415197,0.0004093280993492076,0.003510288561208054,2.958175919112268e-10,1.2089660985948712e-09,9.875584553893873e-10,204842,Nada,Nada
0.0011625856649011698,0.00039886069442674686,0.0034846672984664,2.5749369213341285e-10,1.0680304726431164e-09,8.677527173774835e-10,219552,Nada,Nada
0.0012778379620684934,0.0004674982714497311,0.0036083278355451215,3.714626270038322e-10,1.513259525139324e-09,1.2385887304333356e-09,421510,Nada,Nada
0.0012162709074498347,0.00046308027025907184,0.003541740156476815,2.9996045355256186e-10,1.235939024052589e-09,1.009733766207602e-09,147080,Nada,Nada
0.0010261566201297376,0.0005377348585694278,0.0037718780014086113,2.284662976845021e-10,9.720107566357718e-10,7.863145966226313e-10,291666,Nada,Nada
0.0010422367132159609,0.0004912316912540913,0.003665162305261901,2.2126545397484053e-10,9.500445563361468e-10,7.517382677745912e-10,184461,Nada,Nada
0.0010212860958225497,0.00048623411014087325,0.0036937086114726733,2.050167913296462e-10,8.730899828992688e-10,7.052426401895526e-10,957565,Nada,Nada
0.0009081121212321467,0.0005101569319206408,0.003713648452525968,1.9846559827797148e-10,8.666259594449128e-10,6.87751283637709e-10,369177,Nada,Nada
0.0012237501476369459,0.000416430427428024,0.0034776308429767828,2.7518390023447575e-10,1.1340577632392956e-09,9.203046345440059e-10,833926,Nada,Nada
0.0011245660198016632,0.00040246508073708907,0.003480948294447003,2.1760586674752267e-10,9.074456875682651e-10,7.392973035307453e-10,263256,Nada,Nada
0.0013753632086871078,0.0003863161483915772,0.003315062341166386,3.8355813314981667e-10,1.5269799477325896e-09,1.2712357989710487e-09,374079,Nada,Nada
0.0011297485649148459,0.000536085986661911,0.0037193282791693496,2.9149989467999885e-10,1.2254093629725944e-09,9.88693727415054e-10,727029,Nada,Nada
0.0010249339001905458,0.0004514946502903815,0.003550299115940652,2.135110258315596e-10,9.127208433478352e-10,7.298795298676457e-10,222724,Nada,Nada
0.0011076473256291068,0.0004787185226083029,0.0036417516652463315,2.3863083177984236e-10,1.0107049297192988e-09,8.07715607066416e-10,749023,Nada,Nada
0.001103120354422219,0.0004332703285257856,0.0035126122263375837,2.1355157640350445e-10,8.951551283965532e-10,7.283947995112718e-10,214885,Nada,Nada
0.0011777108214910742,0.0004355066059469082,0.003562297577429837,2.7587125414799467e-10,1.1532586665057187e-09,9.23461116121667e-10,612956,Nada,Nada
0.0011802860114136203,0.00038704857080355923,0.0034664156905033407,2.5019678746080336e-10,1.0319041987458193e-09,8.447206860148499e-10,850554,Nada,Nada
0.0010812454944906281,0.0004566309645415139,0.003583477626541891,2.2596790842509965e-10,9.494054176450062e-10,7.727723680534833e-10,309080,Nada,Nada
0.0013236882053523817,0.00043006266544943144,0.003517106465856307,4.096325031909404e-10,1.6509113683995965e-09,1.3592698455614032e-09,225613,Nada,Nada
0.0009182743152798287,0.000479846078674433,0.00367851160280238,2.0315572989081206e-10,8.839167593653488e-10,7.03581224426634e-10,290765,Nada,Nada
0.0009173292091793794,0.0005761831968625491,0.003919606636380555,2.1255356632151927e-10,9.285182659600479e-10,7.38747732321877e-10,730100,Nada,Nada
0.001131582890089237,0.0005010886513488813,0.0036769406192223913,2.658200331557985e-10,1.1154911117486224e-09,9.007666386800229e-10,957254,Nada,Nada
0.0012503556595615773,0.00040505323021554227,0.0034289966592655537,2.871784501179167e-10,1.1791357159774623e-09,9.557502706755622e-10,386188,Nada,Nada
0.0012724963693529448,0.00040602768109253767,0.0034740380658337725,3.132360044896768e-10,1.2873093350257574e-09,1.030638509658903e-09,695723,Nada,Nada
0.0011543274306987806,0.00043635096915134653,0.003526668974696494,2.3799647411934807e-10,9.896903121588891e-10,8.038738418900083e-10,871906,Nada,Nada
0.001137397888721051,0.0004136311074995794,0.0035805916090363077,2.323560729506048e-10,9.659634168311943e-10,7.868641726898069e-10,779851,Nada,Nada
0.0011506434966095502,0.0004038586121741814,0.0034573229390996696,2.472415713486967e-10,1.0384828176854728e-09,8.263816728581835e-10,352627,Nada,Nada
0.0010145974867052303,0.0005145736621854393,0.003731971766569447,2.155235750922881e-10,9.248007309471108e-10,7.381406499588113e-10,395863,Nada,Nada
0.0011750000579489948,0.000495444990146101,0.0036342785380486494,3.0794342250098e-10,1.2876772492042415e-09,1.0333449970670363e-09,771718,Nada,Nada
0.0008937710469599564,0.000636814714548034,0.0040420638659547665,2.2050868258760602e-10,9.731256120165708e-10,7.665267331573658e-10,358973,Nada,Nada
0.001170980191232193,0.00041601718706711177,0.0034126419986116397,2.60086028743794e-10,1.0827509748318324e-09,8.730314534400862e-10,911745,Nada,Nada
0.0013074629474449507,0.0004329948520635077,0.0034916089397624525,3.5750446652533454e-10,1.4638763476311636e-09,1.1791468410263721e-09,830075,Nada,Nada
0.001263400798394628,0.0003940288668349929,0.0034586233033129543,3.1939112080430167e-10,1.3007905382523511e-09,1.0679263584735852e-09,518978,Nada,Nada
0.0009773696800798588,0.0005559710009375141,0.0037793996498081063,2.1139815817992548e-10,9.128174632422283e-10,7.289348133418903e-10,3864,Nada,Nada
0.0011650349577394374,0.00040172558128013147,0.003524112829625953,2.433597482665055e-10,1.0072278919709906e-09,8.223779889896183e-10,33602,Nada,Nada
0.0010651010671648856,0.0005047976649715502,0.0037558046484014924,2.307133726799188e-10,9.803359283658067e-10,7.859923713932032e-10,613707,Nada,Nada
0.0012406922868628066,0.0004372729708515074,0.003502624072746497,3.126091674374803e-10,1.2871313619888848e-09,1.0433372814030126e-09,941747,Nada,Nada
0.0011815501089283177,0.00041804977362829807,0.003446730502664442,2.7121101632335375e-10,1.1226662221259352e-09,9.134118507161649e-10,316772,Nada,Nada
0.0011124068340097216,0.0004792846831623749,0.003598508842761625,2.3229136036730135e-10,9.771332502123227e-10,7.87969065974852e-10,616632,Nada,Nada
0.0011184807330870037,0.0004332357256230955,0.003570963789339815,2.3262843513083036e-10,9.711428045279373e-10,7.916413988523122e-10,881227,Nada,Nada
0.001383032204042817,0.00039467146984924797,0.0033111848861275468,4.14681145831571e-10,1.6560329625546825e-09,1.3679647460438263e-09,6383,Nada,Nada
0.0013093979005680937,0.0003239526837946234,0.0032734593834828694,3.251152786911669e-10,1.3055008570789686e-09,1.0824192966627357e-09,738510,Nada,Nada
0.0014361756915315558,0.00040665556370274335,0.0033660241750027935,5.075354021973534e-10,2.014201136031876e-09,1.660546969880781e-09,721367,Nada,Nada
0.0009478066675538627,0.0005316382352056556,0.0038183486160691693,1.8264926136078518e-10,7.926387604709368e-10,6.301581960447778e-10,538317,Nada,Nada
0.0011876214920131089,0.00047749939576527287,0.0036399487610170385,2.850219556276322e-10,1.1841336714448671e-09,9.570981438406156e-10,18079,Nada,Nada
0.0011423720529630207,0.0004887572505607796,0.00374915764035966,2.88134566416413e-10,1.2065436307013378e-09,9.72783187854193e-10,807851,Nada,Nada
0.001210520303849597,0.00046978199931731185,0.003595348041327796,3.0651990349476443e-10,1.2599432463015676e-09,1.0339722439906575e-09,78255,Nada,Nada
0.0010878592935283406,0.0004223108845231856,0.0035302687050512613,2.1618696849591596e-10,9.11086146034125e-10,7.354344397232627e-10,974401,Nada,Nada
0.001141817729807325,0.00048318947577767455,0.0036600294366959116,2.667644987633427e-10,1.110434752615398e-09,9.053545628143209e-10,226806,Nada,Nada
0.001134904075343753,0.00038145899026009164,0.0034924839526809096,2.1324835564469294e-10,8.910648771977219e-10,7.193302069262376e-10,775935,Nada,Nada
0.000899307745386355,0.0005824940348635066,0.003923883815736893,1.9849080835156973e-10,8.641547181082565e-10,6.937928713096361e-10,295249,Nada,Nada
0.001106947442721056,0.00046666102697359447,0.003561606981558005,2.4427091280067473e-10,1.0248757907222688e-09,8.336942970083801e-10,926618,Nada,Nada
0.0011215512881223681,0.0004944807421138995,0.0036133919254197643,2.421054718144076e-10,1.0180670933740365e-09,8.218127936835014e-10,723081,Nada,Nada
0.0011679892689292052,0.00048434893656357377,0.0036670611203130895,2.7942571009922544e-10,1.1678269752734109e-09,9.396671855708722e-10,827977,Nada,Nada
0.000997923508360054,0.00045809656572785384,0.0036762772495173702,1.8841976935809013e-10,8.103315952810194e-10,6.453194400425257e-10,192306,Nada,Nada
0.0011192377318455903,0.0004898065518981807,0.003682277562244765,2.4679696312964123e-10,1.0480487789214053e-09,8.295575939830735e-10,54200,Nada,Nada
0.001104285998369176,0.0005406806016072548,0.0037908066077340587,2.706634442118874e-10,1.154267677348174e-09,9.123621353874302e-10,985193,Nada,Nada
0.001120724286093064,0.00052857832099312,0.0037929190304625614,2.9096106443793055e-10,1.2108870861731918e-09,9.958467508582185e-10,294903,Nada,Nada
0.0009211643875158346,0.0005991566406614553,0.003931541562433157,2.1662242386992427e-10,9.39021940580407e-10,7.564346900973567e-10,222226,Nada,Nada
0.0010887094803210587,0.0004779948167902652,0.0035928881928289262,2.2369166582089376e-10,9.516777523985292e-10,7.567421188104801e-10,5046,Nada,Nada
0.0011413246206838576,0.00047188096019582806,0.003670077522700281,2.466620638354888e-10,1.0332572754381894e-09,8.33725728361005e-10,418760,Nada,Nada
0.0013597966973796015,0.0004170447227209986,0.0033891507441627224,3.917079094764346e-10,1.5708537133035172e-09,1.2961842613868123e-09,36892,Nada,Nada
0.0010315046409156336,0.0004892017521107944,0.003678466022078215,2.1403404896409906e-10,9.150365499335483e-10,7.313404455087912e-10,909188,Nada,Nada
0.0010842355588504989,0.00039610346166048336,0.003474122064737221,2.2145054505705837e-10,9.343276322342568e-10,7.536305344989106e-10,987731,Nada,Nada
0.001009293541498097,0.0005491876597900914,0.0038930399631553173,2.2151360889229206e-10,9.430240284768992e-10,7.653169032549521e-10,911548,Nada,Nada
0.0012568892768924527,0.0004012845958860051,0.003427285173543769,2.9390662912304116e-10,1.206377927884362e-09,9.787026066872676e-10,59293,Nada,Nada
0.001096685121847062,0.00043669358533231104,0.003565509373140597,2.1861105098745751e-10,9.240070975070003e-10,7.402909438315099e-10,166547,Nada,Nada
0.0010355984646045495,0.00045622488763030056,0.0036910176051280106,2.2486238051156028e-10,9.54387115959716e-10,7.694041410695185e-10,784955,Nada,Nada
0.0013316642027398026,0.0004478020796408915,0.003464333726017015,3.9585113742349855e-10,1.598281318209228e-09,1.3121232660099077e-09,645754,Nada,Nada
0.0010200641356494988,0.0005464771170170425,0.003833125301561379,2.2834318948718196e-10,9.793913202764146e-10,7.825945616106912e-10,213742,Nada,Nada
0.0011279754511485294,0.0004535274550409861,0.003611384750556788,2.617353171486343e-10,1.1036142521339965e-09,8.825632760101423e-10,639554,Nada,Nada
0.001039203356131722,0.0005212754242249047,0.003771253598620728,2.3853027235564253e-10,1.0149915171926822e-09,8.177678139230767e-10,162232,Nada,Nada
0.0013693687496821403,0.00038083664758617816,0.0033803796898446902,4.037698087237681e-10,1.618147069497903e-09,1.3261185187520103e-09,421439,Nada,Nada
0.0012214294231140544,0.0004687718418614284,0.0035926636409305645,3.018600692436802e-10,1.2385233567532624e-09,1.0166377533995333e-09,499568,Nada,Nada
0.001190838071616744,0.00046114750764369696,0.00351192591103494,3.016492110916843e-10,1.2435590681393267e-09,1.020410414117074e-09,987420,Nada,Nada
0.0011571324181168655,0.0004238275024187498,0.003583643746910186,2.4829587686640855e-10,1.0337533234468395e-09,8.375951744510577e-10,891991,Nada,Nada
0.0011192606908029998,0.0004782967621941666,0.0036115041357637234,2.5077841222819036e-10,1.0541646958451428e-09,8.503043817534492e-10,342543,Nada,Nada
0.0012044346163845527,0.00046183561456508866,0.0036256862697443644,2.8522793352612794e-10,1.175300816496767e-09,9.599856192440089e-10,67492,Nada,Nada
0.0011255290509539968,0.0005232329845560921,0.0037551264509737845,2.924993969786986e-10,1.2252674620668974e-09,9.93990343356981e-10,79810,Nada,Nada
0.0010690024331878845,0.0005180931563200942,0.003634199531485524,2.2992090167769425e-10,9.7339829714725e-10,7.875198996446742e-10,860780,Nada,Nada
0.0011619449034274596,0.00046666251498297284,0.0035331975950507427,2.696937631856746e-10,1.131170117573672e-09,9.062196007637552e-10,806622,Nada,Nada
0.0009871942191530289,0.0005401924747461928,0.0038711923349032096,2.2098845359237972e-10,9.54256471930863e-10,7.5928748222402e-10,647338,Nada,Nada
0.001225614924454486,0.00046717472333810507,0.003571116284419274,3.0112633009082625e-10,1.24111334697336e-09,1.0073698509637555e-09,403504,Nada,Nada
0.001160136403064225,0.0004581846988274729,0.0035938609063681237,2.579259653822438e-10,1.0617415320336991e-09,8.788925668076664e-10,643595,Nada,Nada
0.001007611332104015,0.0005244448090724358,0.00381288549797184,2.0918918346521985e-10,8.991717307877376e-10,7.169617277176474e-10,292186,Nada,Nada
0.0012119813847251766,0.00045390078433543463,0.0035304815941979402,2.8428977832757373e-10,1.1862645666822347e-09,9.48948834703246e-10,406395,Nada,Nada
0.0013274415530002226,0.0003834754033072168,0.003374940609686828,3.6106606362899536e-10,1.4535441576553293e-09,1.1954733556161488e-09,694498,Nada,Nada
0.0012016649597669164,0.0005351295376470396,0.0037557429901229895,3.434000039819819e-10,1.42220989002304e-09,1.1557118921571895e-09,712857,Nada,Nada
0.0011755045290944516,0.0005085614836097729,0.003746305079339362,3.299760900602453e-10,1.3672558526955953e-09,1.1138499963082572e-09,272418,Nada,Nada
0.0009824637782287397,0.0004891482639763001,0.0037292079129136305,2.100098708175837e-10,8.950593713131509e-10,7.259703224466544e-10,58688,Nada,Nada
0.0012148177806618249,0.00047409752689822214,0.0035007423707176214,3.290134886484843e-10,1.3468067924774793e-09,1.1123348142100608e-09,938327,Nada,Nada
0.0010954633678605832,0.0005315031621714132,0.003750840112302673,2.593914808886439e-10,1.092190960224987e-09,8.8477377273493e-10,726545,Nada,Nada
0.0010805277666398488,0.0005516199657033869,0.0037842771555417014,2.7185257020704405e-10,1.1599844237399207e-09,9.222848335028634e-10,801921,Nada,Nada
0.0010373589057638935,0.0004544802145795464,0.0036579875154529023,2.196401464879401e-10,9.284400466096647e-10,7.552627623500581e-10,150225,Nada,Nada
0.0010526342046490796,0.0005275539710669315,0.003815853032785357,2.437211071155186e-10,1.038492727552208e-09,8.314251157780346e-10,380304,Nada,Nada
0.0008928072153504275,0.0005563036041193888,0.003892716449879389,2.0405009001713882e-10,8.964974807523713e-10,7.084204610545369e-10,887936,Nada,Nada
0.0012867089021633788,0.0004475325555238518,0.0035252359476955577,3.707793282076452e-10,1.509388022982091e-09,1.233558469206975e-09,568237,Nada,Nada
0.0010759767123085318,0.00046402824176066754,0.0036453434594919685,2.2373663388209513e-10,9.404035797806114e-10,7.642615461590797e-10,656164,Nada,Nada
0.0011179968099905857,0.0004041087176672729,0.003548089073320138,2.202570234396062e-10,9.200182932237978e-10,7.456495836684756e-10,371649,Nada,Nada
0.001145144106626298,0.0005091446133067927,0.0037075770170314297,2.7982945599248874e-10,1.1614626945758976e-09,9.513575992103667e-10,282018,Nada,Nada
0.0010065538589996343,0.0004961004494341064,0.0036799009383197247,1.9757811925506702e-10,8.48719924901389e-10,6.767188842065966e-10,302778,Nada,Nada
0.0010620007587976437,0.0005705969610077435,0.003853274317236581,2.732205291290723e-10,1.1581131329223453e-09,9.36991509488989e-10,148112,Nada,Nada
0.0010256185816759288,0.0005138627780240612,0.0037201775205753847,2.1178479446460197e-10,9.153368401217572e-10,7.201990951366802e-10,856355,Nada,Nada
0.0012318989799131766,0.00039127416892806494,0.003480954731728737,2.8554600652076913e-10,1.1638358010025329e-09,9.587570480955167e-10,396260,Nada,Nada
0.00125058045622,0.00044367662078148226,0.003519758223573794,3.250485986060029e-10,1.3268544498385869e-09,1.0846594504246767e-09,508861,Nada,Nada
0.0011596193271989652,0.00041545824512010374,0.0035334640036812346,2.373340778772219e-10,9.847843431183035e-10,8.018552714616602e-10,869940,Nada,Nada
0.0012134630496383433,0.0004317632638260253,0.0035333299650724018,2.7977568950396705e-10,1.1612315586596047e-09,9.310693671621611e-10,272308,Nada,Nada
0.0010988021247087358,0.0005040847282881242,0.0037833391381965975,2.5173842123053693e-10,1.0591183443616192e-09,8.570499185541939e-10,451365,Nada,Nada
0.0009503339551229492,0.0005578965090037172,0.0038592618488715123,2.1593691058030193e-10,9.280011599203787e-10,7.52191098528504e-10,16452,Nada,Nada
0.0010579400543532392,0.00046085989035764854,0.003700143001980829,2.3116406622381932e-10,9.82762349362087e-10,7.847213675998753e-10,96601,Nada,Nada
0.0013211085358293701,0.00040400260082728965,0.003350714770598056,3.3125274257727933e-10,1.3468101780763493e-09,1.092761967027976e-09,205861,Nada,Nada
0.0012085425392546327,0.0004786030639149794,0.003635546213951445,3.045738529303398e-10,1.2480821614837951e-09,1.0288134138794276e-09,287938,Nada,Nada
0.001110431271460016,0.00037766532406710676,0.0033953143011612014,2.095658669436604e-10,8.803770433873925e-10,7.082246825173192e-10,493458,Nada,Nada
0.0012255308842386012,0.00035656816291701867,0.003320257081643238,2.686484265105385e-10,1.1174292885166713e-09,8.871245825360117e-10,224568,Nada,Nada
0.0010863860694950997,0.00047851642173391045,0.0036629259690701935,2.3216341228536737e-10,9.75687432446127e-10,7.931230151498245e-10,87321,Nada,Nada
0.0011809590137221168,0.00042382461194905046,0.0036029542303120487,2.4979618277169193e-10,1.0333319796309764e-09,8.387483435611235e-10,627558,Nada,Nada
0.001298659694914477,0.0003658571120376945,0.003333001297496274,3.0086619419050174e-10,1.2160059465694229e-09,9.995608047472589e-10,769038,Nada,Nada
0.0010346075343684767,0.0005390340200900429,0.0038124006965488183,2.274774596822978e-10,9.662936559418647e-10,7.818124362926618e-10,294398,Nada,Nada
0.001124782849187064,0.0004123874547772245,0.003446419553394287,2.3353964340570276e-10,9.799245283455223e-10,7.885179944609934e-10,931988,Nada,Nada
0.0010614108968680916,0.0005057101146805425,0.003767628438580276,2.2960360840303156e-10,9.821747344584606e-10,7.797491621555765e-10,843775,Nada,Nada
0.0008944137357552068,0.0005049153588155995,0.003774621618547375,1.8936973194760838e-10,8.330773675409955e-10,6.548831638422383e-10,743211,Nada,Nada
0.0012388502793089981,0.0004679222882483765,0.0036366522862546894,3.1044541971652905e-10,1.2679052769929438e-09,1.04141743332324e-09,333192,Nada,Nada
0.0012298214800925734,0.0004109239480092932,0.003445330506615414,2.8169565009230816e-10,1.1582073912664518e-09,9.412039719488252e-10,168827,Nada,Nada
0.0012605516852324512,0.0003683342920574725,0.0034054864178517455,2.8485655241624133e-10,1.1624575005134597e-09,9.469882043156685e-10,504221,Nada,Nada
0.0011768928145007849,0.00044264841709860676,0.00354792787237191,2.576433804946926e-10,1.0768274820471525e-09,8.645334427064489e-10,611456,Nada,Nada
0.0011522740371850632,0.0004394221264217894,0.003523385104810979,2.3596735917484126e-10,9.803586578891845e-10,7.990403560839615e-10,345292,Nada,Nada
0.0009749937283717557,0.0005464248773866321,0.0038617207896916176,2.2719514548692727e-10,9.815735463297362e-10,7.824768206911986e-10,71876,Nada,Nada
0.0013219785341229626,0.0003571805537583595,0.003294333040405013,3.50735275719582e-10,1.4182330514439394e-09,1.1564983620866957e-09,368656,Nada,Nada
0.0011880797331276513,0.0005082334659389872,0.0037466067472308267,3.2095774596449335e-10,1.3320201261516666e-09,1.0804301783325643e-09,495959,Nada,Nada
0.0012169017772606847,0.0005132575795426326,0.0037043625063211644,3.128956666425933e-10,1.2949831494647014e-09,1.0483311400451655e-09,719748,Nada,Nada
0.0010589390911476507,0.0004619653238245625,0.0036182280342394405,2.175479630837655e-10,9.214805464553423e-10,7.417727770286717e-10,529297,Nada,Nada
0.0011680943353593132,0.00045930389915007996,0.0035529792976033286,2.5984887851481816e-10,1.0815971638693648e-09,8.752009649980819e-10,184071,Nada,Nada
0.0012122535185264808,0.0004226455943543065,0.0034382819684056405,2.6870952582836084e-10,1.1088961384047774e-09,9.010912683672058e-10,584515,Nada,Nada
0.001239816101721475,0.0004631323865393071,0.003509307100853043,3.0204031582444387e-10,1.2417088372984668e-09,1.008335957653902e-09,934961,Nada,Nada
0.0012057647259314445,0.0004427217246158711,0.0035994751052964994,2.6249650187329235e-10,1.087080123433287e-09,8.761410659872227e-10,653888,Nada,Nada
0.001076964436089434,0.0005714296424492443,0.003855754697878591,2.838676282484855e-10,1.200462868556339e-09,9.718358092648213e-10,424116,Nada,Nada
0.00152742981906723,0.000305524378463245,0.003000678097226416,5.141502073592189e-10,2.0006999156303067e-09,1.6736601076568213e-09,938298,Nada,Nada
0.0012191572796802967,0.00044696828364203944,0.003583586275310204,2.9981857854471865e-10,1.2245969087848336e-09,1.0104438281764873e-09,15251,Nada,Nada
0.0011544079556972124,0.00047382066410449683,0.003692719039058922,2.6751590162357683e-10,1.1261145358278392e-09,8.968178684540223e-10,335357,Nada,Nada
0.00109499253714566,0.0005155477986262744,0.003700881338166516,2.505680415967963e-10,1.0570401754120002e-09,8.532509073208599e-10,919444,Nada,Nada
0.0009232497386967082,0.0005498602714456518,0.003944224602860706,2.0570681638983627e-10,8.96377303675649e-10,7.12918633358423e-10,834995,Nada,Nada
0.0009581618588696202,0.00048402925258867813,0.003776807055078972,2.0283458206431808e-10,8.729822640086258e-10,7.013557756032771e-10,182342,Nada,Nada
0.001185330979348615,0.00045358442937466504,0.0035380252683951366,2.73203141830031e-10,1.1379095759608504e-09,9.17940752271884e-10,289655,Nada,Nada
0.0011701053983706276,0.0004888287675704088,0.0036865990366125403,2.910212061797716e-10,1.2097201745955292e-09,9.82969193618239e-10,578976,Nada,Nada
0.0011068079357233085,0.0005082364227562476,0.0036641127070284004,2.433678134270627e-10,1.0225956487371452e-09,8.293438507993237e-10,4419,Nada,Nada
0.001183427042398523,0.00042395470362872314,0.003541669459265901,2.5967528217934385e-10,1.0759110078884912e-09,8.733399596592515e-10,579954,Nada,Nada
0.0012112945841196245,0.00045526983443169096,0.0035463908836680653,2.81390491984954e-10,1.1585259093549152e-09,9.454760878144872e-10,103490,Nada,Nada
0.0012855152169865824,0.0004320681368323554,0.003516750474062316,3.4346847498899646e-10,1.393168278355202e-09,1.1439362590775894e-09,934673,Nada,Nada
0.0010239263416490856,0.0005547464794682681,0.0038942228980694345,2.446342200450374e-10,1.0423091476904737e-09,8.427091943076805e-10,183991,Nada,Nada
0.0010711800950679402,0.0005031675909753815,0.003814568173535007,2.3978089130736946e-10,1.0161454194068663e-09,8.159067554856581e-10,794786,Nada,Nada
0.0011270679781378943,0.000450013780545374,0.003681531794096705,2.4076248105012806e-10,1.0057418067549393e-09,8.163191088399712e-10,547671,Nada,Nada
0.001114908335571417,0.0005115235592959541,0.003782608404582491,2.7121717389780903e-10,1.1362572173707851e-09,9.221629529926254e-10,158896,Nada,Nada
0.0010779186072832577,0.000475736884216041,0.003589227116992438,2.329097209298241e-10,9.892551766285127e-10,7.906828816483615e-10,472061,Nada,Nada
0.001012292697870177,0.0005409661541179902,0.0037522898480436603,2.1194593372934228e-10,9.169902672599259e-10,7.229137368463752e-10,864889,Nada,Nada
0.0011840376849626022,0.0004033367040737654,0.003460340527536969,2.5645235032879354e-10,1.0626723470385618e-09,8.617061342272246e-10,582958,Nada,Nada
0.0009859069112872333,0.0005327226163158832,0.0037643523156220752,2.049324316471854e-10,8.853270012278931e-10,7.041464389354035e-10,21355,Nada,Nada
0.0010386279429723361,0.0005357957712295138,0.0038064417671823604,2.217509399684083e-10,9.457230519518206e-10,7.593500842307711e-10,857203,Nada,Nada
0.0010138320418465567,0.0004967196297826901,0.0037668612754976076,2.1650467996859517e-10,9.163922607931171e-10,7.495616744346966e-10,619983,Nada,Nada
0.0010458081708541696,0.0004691246776400448,0.0036359230437631633,2.1972679504524773e-10,9.27956019436837e-10,7.55701932420678e-10,708230,Nada,Nada
0.0010609098812424762,0.0004980036818211611,0.0036910224872391947,2.249714116349442e-10,9.564475259793187e-10,7.675195407424906e-10,462040,Nada,Nada
0.00124320022123695,0.00045080578264839523,0.003507246738197965,3.0684268466901486e-10,1.2637713505858108e-09,1.0267263442341527e-09,159355,Nada,Nada
0.0012258075423459784,0.00036006909529193203,0.0032919123406427333,2.710010718948327e-10,1.1164399788011343e-09,9.060526688648302e-10,425808,Nada,Nada
0.0011977996998206596,0.0003764141049019644,0.0033801236290029613,2.4448863805079923e-10,1.0108879720840111e-09,8.193321462989081e-10,493110,Nada,Nada
0.0011251499913891847,0.000501095808209075,0.003703969606077712,2.856817470857142e-10,1.2032829772943305e-09,9.674191762901177e-10,915842,Nada,Nada
0.001256767091542232,0.0004959802441356299,0.003630274298135814,3.8836726110846516e-10,1.6074462863706804e-09,1.2871198219003916e-09,24096,Nada,Nada
0.0011511412588301173,0.0004982096972460916,0.003676260503313215,2.789370094579619e-10,1.166342258018561e-09,9.437963061188221e-10,378943,Nada,Nada
0.0012365826519116093,0.0004421520353033574,0.0034373187044198796,2.974345880790991e-10,1.2243854526057365e-09,9.94463749567455e-10,637917,Nada,Nada
0.0010350238727742875,0.0005344683766280433,0.00385135637058362,2.2274278549927825e-10,9.441599811724784e-10,7.675637289531043e-10,11116,Nada,Nada
0.0010578303444825046,0.0005038088849395444,0.003702006954591957,2.3271827623578622e-10,9.913510471310328e-10,7.94655900292927e-10,667204,Nada,Nada
